id,ad,location,advertiser_link
136923,"Lower Rates, New Hours, New Pics ⚜️ Well Reviewed** Satisfaction GUARANTEED","Scripps Ranch, Mira Mesa, Poway, Rancho Penasquitos, Rancho Bernardo",https://sandiego.rubratings.com/136923?layout=list
136923,Gia Marie ,Mission valley ,https://sandiego.rubratings.com/136923?layout=list
136923,Jussara Charming Brazilian ,Jussara/ Bay Park ,https://sandiego.rubratings.com/136923?layout=list
136923,Sensual Massage & Body Slides by Courtney,Courtney in Del Mar,https://sandiego.rubratings.com/136923?layout=list
136923,ANDREA *** New *** Private Safe and Discreet location ~ Independent provider !!!,"San Diego, SDSU college area, la mesa el cajon city ",https://sandiego.rubratings.com/136923?layout=list
136923,Top of the Line Massage ,Downtown,https://sandiego.rubratings.com/136923?layout=list
136923,Sensual Brazilian Massage,Point Loma,https://sandiego.rubratings.com/136923?layout=list
136923,Let My Hands do the Talking,Mission Valley,https://sandiego.rubratings.com/136923?layout=list
136923,"THE *ONLY ASIAN-AMERICAN* MASSAGE BABE, MOST REQUESTED & 5 STAR REVIEWED IN SAN DIEGO!",VIETNAMESE BABE,https://sandiego.rubratings.com/136923?layout=list
136923,Independent High Class Model & Cutie.Massage. ,"Carlsbad, Oceanside",https://sandiego.rubratings.com/136923?layout=list
136923,Experience blissful relaxation ..you deserve this ߘ,"La Jolla, University City",https://sandiego.rubratings.com/136923?layout=list
136923,Nina NEW YOUNG girl in town ,Nina Mission valley ,https://sandiego.rubratings.com/136923?layout=list
136923,Hot girl Amora,Amora Mission valley ,https://sandiego.rubratings.com/136923?layout=list
136923,❤️ Sweet Brazilian ❤️,MELINA /Point Loma ,https://sandiego.rubratings.com/136923?layout=list
136923,♥️ Hot Brasilien ♥️,(LUANA) Point Loma ,https://sandiego.rubratings.com/136923?layout=list
136923,Relaxing Body Rubs ,Rancho Bernardo 92128,https://sandiego.rubratings.com/136923?layout=list
136923,Isabella,Kearny Mesa ߘ,https://sandiego.rubratings.com/136923?layout=list
136923,Get a massage from the sweet Southern belle Foxy ,San Diego North Park,https://sandiego.rubratings.com/136923?layout=list
136923, ♡  Lina ♡ XO,Mission valley ,https://sandiego.rubratings.com/136923?layout=list
136923, ♡  ♡ Veronica ♡  ♡ xo  New to San Diego! ,Mission valley ,https://sandiego.rubratings.com/136923?layout=list
136923,YOUR DELECTABLE DISTRACTION,"Miramar,LaJolla,UTC",https://sandiego.rubratings.com/136923?layout=list
136923,♡ Melanie ♡ XO,Mission valley,https://sandiego.rubratings.com/136923?layout=list
136923,Massage by Rhonda see you soon!!,Booking for Monday ,https://sandiego.rubratings.com/136923?layout=list
136923,Priscilla ! HIGHLY REVIEWED! ,Miramar,https://sandiego.rubratings.com/136923?layout=list
136923,Alessandra ,Miramar,https://sandiego.rubratings.com/136923?layout=list
136923,Discerning Gentleman's Choice. 5 ⭐Review Provider ,Sorrento Valley,https://sandiego.rubratings.com/136923?layout=list
136923,Sweet Ivy giving Bodyrubs to rock your world ,San Diego North Park,https://sandiego.rubratings.com/136923?layout=list
136923,✨Sofia at Heavenly Hands✨,NEW LATINA!,https://sandiego.rubratings.com/136923?layout=list
136923,✨Giselle at Heavenly Hands✨,MISSION VALLEY!,https://sandiego.rubratings.com/136923?layout=list
136923,,1845 Adams Ave,https://sandiego.rubratings.com/136923?layout=list
136923,,1430 Sassafras St,https://sandiego.rubratings.com/136923?layout=list
136923,✨ Amazing Aubrey ✨,Point Loma - Rosecrans ,https://sandiego.rubratings.com/136923?layout=list
136923,Full Body SENSUAL MASSAGE With CASSIE ,Cassie in Del Mar,https://sandiego.rubratings.com/136923?layout=list
136923,"Soft Spoken, Independent Sweet Asian Beauty",San Diego Mission Valley,https://sandiego.rubratings.com/136923?layout=list
136923,Real and rare ‼️ Looking for upscale fun with curvy  bombshell ? IM AVAILABLE NOW FOR LIMITED TIME!,San Diego ,https://sandiego.rubratings.com/136923?layout=list
136923,Your favorite party girl here for a limited time!! ߥ,San Diego ,https://sandiego.rubratings.com/136923?layout=list
136923,The Heavenly Opal,Hillcrest,https://sandiego.rubratings.com/136923?layout=list
136923,Hot Girl ❤ Thai combination oil Massage ,✨Kearny Mesa✨,https://sandiego.rubratings.com/136923?layout=list
136923,▃▃ JOY SPA▃▃ ★★ private & top class_ busty&petite ★★,"San Diego,CA ",https://sandiego.rubratings.com/136923?layout=list
136923, ---- Outstanding relaxation massage ---- 619 - 206 - 4102  ---- LATINA and ASIAN  ----,San Diego,https://sandiego.rubratings.com/136923?layout=list
136923,✅✅✅✅New Asian & Latina Masseuses Just Arrived ✅✅ ✅✅ NON-RUSH BEST Massage,San Diego,https://sandiego.rubratings.com/136923?layout=list
136923,♦️let’s R E E B O O S T ߔ¥ YOUR LIBIDO ⭕️,Independent Incall ,https://sandiego.rubratings.com/136923?layout=list
136923,Arousing Pleasure That You Crave,Exotic Curves,https://sandiego.rubratings.com/136923?layout=list
136923,☘☘Let Kerry DD melt your stress away☘,Mission Valley ,https://sandiego.rubratings.com/136923?layout=list
136923,Sensual Therapuetic Massage-30/60/80min options **PLEASE RESPOND AS REQUESTED**,LOGAN HEIGHTS,https://sandiego.rubratings.com/136923?layout=list
136923,PROFESSIONAL FBSM BY LACEY. OUTCALL &  INCALL. FAST RESPONSE TIME & VERY DISCREET. 100% INDEPENDENT. ,Incall Carlsbad,https://sandiego.rubratings.com/136923?layout=list
136923,PETITE HOT BEAUTIFUL BABE,Bankers Hill/New Location,https://sandiego.rubratings.com/136923?layout=list
136923,SUPER SEXY MATURE PLEASURE ARTIST FROM EUROPE,North Clairemont ,https://sandiego.rubratings.com/136923?layout=list
136923, Sensual hot oil massage with sexy Ashley ,Oceanside ,https://sandiego.rubratings.com/136923?layout=list
136923,"SUPANZA , 23 YEAR  OLD  ASIAN  ❤, special NURU, B2B❤MISSION BAY! O",San Diego Bay Park ,https://sandiego.rubratings.com/136923?layout=list
136923,Massage Bliss Outcall Brought to You ❤ Jasmine ❤,Your Location ,https://sandiego.rubratings.com/136923?layout=list
136923,Hottest Playmate in Town ,Mission Valley,https://sandiego.rubratings.com/136923?layout=list
136923,100% Independent Veronica || Outcall To Your Home or Hotel * Relaxation Therapy,Available/Outcall ,https://sandiego.rubratings.com/136923?layout=list
136923,LOVE ONE LOVE ALL = Lola,Downtown S.D & Hillcrest.,https://sandiego.rubratings.com/136923?layout=list
136923,Caring Combo massage! Mission Valley incall OR Outcall to Hotels,INCALL or OUTCALL,https://sandiego.rubratings.com/136923?layout=list
136923,"♥️hot four hands ❤Hi I'm Supanza,  real pic, 23 year old , from Thailand,  best thai massage. Call me 619-218'2993♥️ body grooming. Open now ",San Diego  Bay Park ,https://sandiego.rubratings.com/136923?layout=list
136923,Come enjoy the best massage of your life :),Clairemont ,https://sandiego.rubratings.com/136923?layout=list
136923,Mia,Mission Valley ,https://sandiego.rubratings.com/136923?layout=list
136923,SILKY SAVANNAH,Rosecrans ,https://sandiego.rubratings.com/136923?layout=list
136923,A little slice of paradise- Oceanside- specials!,Oceanside ,https://sandiego.rubratings.com/136923?layout=list
136923,✨Rose at Heavenly Hands✨,MISSION VALLEY!,https://sandiego.rubratings.com/136923?layout=list
136923,✨Alana at Heavenly Hands✨,MISSION VALLEY!,https://sandiego.rubratings.com/136923?layout=list
136923,A Dream Come True ,San Diego/ UTC/ Miramar ,https://sandiego.rubratings.com/136923?layout=list
136923,VIP Sexy Green Eyed CMT Hottie ,"Outcall downtown, from east county to north county ",https://sandiego.rubratings.com/136923?layout=list
136923,Brighteyes here to brighten your day with a bodyrub,San Diego North Park,https://sandiego.rubratings.com/136923?layout=list
136923,Stella:  French girl from Paris with an exotic touch,San Diego North Park,https://sandiego.rubratings.com/136923?layout=list
136923,✨Bianca at Heavenly Hands✨,MISSION VALLEY!,https://sandiego.rubratings.com/136923?layout=list
136923,✨Vee at Heavenly Hands✨,MISSION VALLEY!,https://sandiego.rubratings.com/136923?layout=list
136923,Sensual and Nuru massage with Cecilia ,LA JOLLA/UTC ,https://sandiego.rubratings.com/136923?layout=list
136923,Sweet and sexy Latina OUTCALL EXPRESS TO YOUR HOME OR HOTEL!,OUTCALL EXPRESS NOW,https://sandiego.rubratings.com/136923?layout=list
136923,***NEW *** Private Location JASMINE-- 1000% real pictures * Even better in person,San Diego,https://sandiego.rubratings.com/136923?layout=list
136923,Fantastic Ada ,"Old town, CA ",https://sandiego.rubratings.com/136923?layout=list
136923,❤️Hot Asian MILF arrive ❤️,Mission valley /out call,https://sandiego.rubratings.com/136923?layout=list
136923,Sexy Brazilian - Julia,JULIA - POINT LOMA,https://sandiego.rubratings.com/136923?layout=list
136923,Sweet Bodyrub by SEX Brazilian Girl,Ready4u Mission Valley,https://sandiego.rubratings.com/136923?layout=list
136923,Katie Luv. FBSM. Your Favorite Provider❤,Miramar,https://sandiego.rubratings.com/136923?layout=list
136923,46DDDs and Intuitive Hands for Your Pleasure,Mission Valley,https://sandiego.rubratings.com/136923?layout=list
136923,Oceanside /Carlsbad ,Oceanside ,https://sandiego.rubratings.com/136923?layout=list
136923,✨Alexa at Heavenly Hands✨,NEW LATINA!,https://sandiego.rubratings.com/136923?layout=list
136923,✨Emma at Heavenly Hands✨,MISSION VALLEY,https://sandiego.rubratings.com/136923?layout=list
136923,Professional Masseuse Vanessa. Full Body Massage Private Outcall Only.,Outcall Only ,https://sandiego.rubratings.com/136923?layout=list
136923,JULIANA,La Jolla UTC,https://sandiego.rubratings.com/136923?layout=list
136923,Back in San Diego ߒ,"UTC, Miramar ",https://sandiego.rubratings.com/136923?layout=list
136923,Esmeraldas Massage ,Rancho Bernardo 92128,https://sandiego.rubratings.com/136923?layout=list
136923,My Touch Is Meant for You,"San Diego,Coronado,La Jolla,Del Mar,Carlsbad,Encinitas ",https://sandiego.rubratings.com/136923?layout=list
136923,Sensual massage by Dolce,La Jolla/UTC area,https://sandiego.rubratings.com/136923?layout=list
136923,Certified Hottie,Downtown SD|Central SD|Beaches,https://sandiego.rubratings.com/136923?layout=list
136923,❤️❤️ Come unwind and get pampered at my discreet office❤️❤️ ---  **Female clients also welcome**,Point Loma,https://sandiego.rubratings.com/136923?layout=list
136923,Come in and let me show you a relaxing sensual time,San Diego,https://sandiego.rubratings.com/136923?layout=list
136923,⚠️BEAUTIFUL SMART AND EASY TO GET ALONG ‼️,INDEPENDENT INCALL ONLY,https://sandiego.rubratings.com/136923?layout=list
136923,ABSOLUTELY NEW RUSSIAN SUPERSTAR,"Oceanside, Carlsbad, Vista",https://sandiego.rubratings.com/136923?layout=list
136923,@ *@*@❤ STRESS ? TENSION? ❤ ENJOY * EXCELLENT * EUROPEAN* BLISS  Massage❤ *GREAT Price CMT ❤Hotels welcome SARAH *❤ @ *@ *,"IN& OUTCALL Downtown,Hotel Circle,Mission Valley, Coronado la Jolla pacific beach ocean beach del mar ",https://sandiego.rubratings.com/136923?layout=list
136923,✨Isabel at Heavenly Hands✨,FHF SPECIAL!,https://sandiego.rubratings.com/136923?layout=list
136923,Sexy ߒPassionate ,San Diego/ MIRAMAR ,https://sandiego.rubratings.com/136923?layout=list
136923,New Listing ,Massage Table ,https://sandiego.rubratings.com/136923?layout=list
136923,Massage from a spicy Rose,San Diego Morena Blvd,https://sandiego.rubratings.com/136923?layout=list
136923,Busty & Exotic Masseuse! Let My Feathery Touch To Firm Touch Release Your Tensions!,San Diego ,https://sandiego.rubratings.com/136923?layout=list
136923,Alina sexy blond girl,Alina Mission Valley ,https://sandiego.rubratings.com/136923?layout=list
136923,Sexy Ana,Ana Mission Valley ,https://sandiego.rubratings.com/136923?layout=list
136923,Massages by Juliet,San Diego North park,https://sandiego.rubratings.com/136923?layout=list
136923,"Good golly miss Molly, best massage ever",San Diego North Park,https://sandiego.rubratings.com/136923?layout=list
136923,Four hand massage with Molly and Juliet,San Diego North park,https://sandiego.rubratings.com/136923?layout=list
136923,Vianey New to SD,"Old town, CA ",https://sandiego.rubratings.com/136923?layout=list
136923,✨Jayda at Heavenly Hands✨,FHF SPECIAL!,https://sandiego.rubratings.com/136923?layout=list
136923,Busty Pixie 38FF bbw Natural Boobies.  Outstanding bodyrub.  Ask about my fetishes,San Diego North Park,https://sandiego.rubratings.com/136923?layout=list
136923,Jessica ,East county ,https://sandiego.rubratings.com/136923?layout=list
136923,Jade,la jolla,https://sandiego.rubratings.com/136923?layout=list
136923,Roxy ,La jolla,https://sandiego.rubratings.com/136923?layout=list
136923,Amazing Tess,~Carlsbad In Call~,https://sandiego.rubratings.com/136923?layout=list
136923,LESLEY --SEXY EXOTIC LATINA--100% REAL PICS.,San Diego---downtown--mission valley,https://sandiego.rubratings.com/136923?layout=list
136923,Krystal--New girl in town ~ All pics are 100% real and recent !!!,San Diego,https://sandiego.rubratings.com/136923?layout=list
136923,ROSALIE---COLLEGE STUDENT NEW TO SAN DIEGO,Sdsu college area near La mesa,https://sandiego.rubratings.com/136923?layout=list
136923,"***--------------- ~~~~~~~~~~~ Gentle, SOOOOTHING, Healing  --------------------- ------------------- ------------------- --------------- -~~~~~~~~~~~~~***","Del Mar, La Jolla, Solana Beach, Encinitas, Carlsbad, San Diego, UTC, Mira Mesa",https://sandiego.rubratings.com/136923?layout=list
136923,✨Kassandra at Heavenly Hands✨,MISSION VALLEY,https://sandiego.rubratings.com/136923?layout=list
136923,Relax with the Ultimate Sensual  Asian Massage!! ,San Diego East ,https://sandiego.rubratings.com/136923?layout=list
136923,♡ Chantal♡  New to San Diego !!!,Mission valley ,https://sandiego.rubratings.com/136923?layout=list
136923,Scarlett,Miramar,https://sandiego.rubratings.com/136923?layout=list
136923,Serena ,Miramar,https://sandiego.rubratings.com/136923?layout=list
136923,Massage with Lucy,"Chula Vista, CA",https://sandiego.rubratings.com/136923?layout=list
136923,Kat! In San Diego for the Weekend only! ,Miramar,https://sandiego.rubratings.com/136923?layout=list
136923, FBSM With KYLIE Body Slides Included ,Kylie in Del Mar,https://sandiego.rubratings.com/136923?layout=list
136923,♡ jas ♡ XO  ,Mission valley ,https://sandiego.rubratings.com/136923?layout=list
136923,Madeline stunning latin girl ,Mission valley ,https://sandiego.rubratings.com/136923?layout=list
136923,Full body sensual massage with Body Slides by SOPHIA,Sophia in Del Mar,https://sandiego.rubratings.com/136923?layout=list
136923,Sensual Massage with Body Slides by a Hot Brazilian ,Gabriella n Del  Mar,https://sandiego.rubratings.com/136923?layout=list
136923,Lovelee...Sensuality Extraordinaire ,San Diego/UTC/La Jolla,https://sandiego.rubratings.com/136923?layout=list
136923,✨Victoria at Heavenly Hands✨,NEW LATINA!,https://sandiego.rubratings.com/136923?layout=list
136923,My gorgeous friend is here to play today...,*New Client Special*,https://sandiego.rubratings.com/136923?layout=list
136923,"❤❤Indian  princess avail  today,  NURU , B2B Mahhi   21 year old  @at Bay park ❤❤❤ ",MISSION BAY  ,https://sandiego.rubratings.com/136923?layout=list
136923,Pretty Pearl Toungeߒˢܨ,San Diego,https://sandiego.rubratings.com/136923?layout=list
136923,Your Sensual Escape from Reality,Perfect Ass,https://sandiego.rubratings.com/136923?layout=list
136923,Harmony  ,North Park ,https://sandiego.rubratings.com/136923?layout=list
136923,Ofcourse this is a real picture!... like all the others on this site!! (late off 78),"Vista, San Marcos, Oceanside, Escondido",https://sandiego.rubratings.com/136923?layout=list
136923,"Independant Anna ~ Still Kinky, still sexy, Still giving amazing massages xoxo",S. Park- Specials,https://sandiego.rubratings.com/136923?layout=list
136923,Hailey Ready for U,Mission Valley ,https://sandiego.rubratings.com/136923?layout=list
136923,Let My Light Touch To Deep Pressure Release Your Stress! ,Mission Valley/San Diego ,https://sandiego.rubratings.com/136923?layout=list
136923,ROSALIE--YOUNG LATINA MODEL~- ALL PICTURES ARE 100% REAL!..,San Diego,https://sandiego.rubratings.com/136923?layout=list
136923,Massage By Dala ,"Mission Valley, CA",https://sandiego.rubratings.com/136923?layout=list
136923,"❤❤❤LEXI,  100% female. Real pic. four hands massage . loves older men. ROYAL Japanese  massage  shiatsu,  combination ❤❤❤   IN MISSION BAY! ","ROYAL Japan, Bay Park ",https://sandiego.rubratings.com/136923?layout=list
136923,OUTCALLS ,NORTH COUNTY,https://sandiego.rubratings.com/136923?layout=list
136923,Oriental Touch,San Diego _ Mission Valley ,https://sandiego.rubratings.com/136923?layout=list
136923,======== RELAX!!! ==== Amazing!!! =====================ߍ ߍ ߍ,"Del Mar, La Jolla, Solana Beach, Encinitas, Carlsbad, , San Diego, UTC, Mira Mesa",https://sandiego.rubratings.com/136923?layout=list
136923," Awesome Asian Dominatrix,Strap,Pros,Toys, Fetish Visiting SD  Sep 12-22 100%Realpics ",San diego,https://sandiego.rubratings.com/136923?layout=list
136923,Hannah from Europe,Kearny Mesa,https://sandiego.rubratings.com/136923?layout=list
136923,✨Stella at Heavenly Hands✨,MISSION VALLEY,https://sandiego.rubratings.com/136923?layout=list
136923,Full Body SENSUAL MASSAGE With Sexy VANESSA ,Vanessa in Del Mar,https://sandiego.rubratings.com/136923?layout=list
136923,FBSM With CHLOE  Body Slides Included ,Chloe in Del Mar,https://sandiego.rubratings.com/136923?layout=list
136923,Lovely Aubrey ߒ,Scroll on pix,https://sandiego.rubratings.com/136923?layout=list
136923,Relaxation At it’s Best!,"San Diego,Coronado,La Jolla, Encinitas",https://sandiego.rubratings.com/136923?layout=list
136923,Sensual and Therapeautic,"San Diego,Coronado,La Jolla,Carlsbad,Delmar",https://sandiego.rubratings.com/136923?layout=list
136923,"Sexy, Mature 10 Years CMT",Bay Park /Exotic CMT,https://sandiego.rubratings.com/136923?layout=list
136923,Your favorite latina♡strong hands Natalia,Sensual therapy,https://sandiego.rubratings.com/136923?layout=list
136923,Nuru and Sensual massage by a Sexy and fit Latina,La Jolla near UTC area,https://sandiego.rubratings.com/136923?layout=list
136923,✨Luna at Heavenly Hands✨,MISSION VALLEY,https://sandiego.rubratings.com/136923?layout=list
136923,Busty Blonde Loves Older Gentlemen  830am-4pm,"North Oceanside, san diego",https://sandiego.rubratings.com/136923?layout=list
136923,Izabella’s Magical Touch,San Diego,https://sandiego.rubratings.com/136923?layout=list
136923,Sweet Latina Catalina ,Mission valley ,https://sandiego.rubratings.com/136923?layout=list
136923,Exotic Masseuse! Unforgettable & Fun,"san diego, california",https://sandiego.rubratings.com/136923?layout=list
136923,Katie - Ocean Beach,Ocean Beach,https://sandiego.rubratings.com/136923?layout=list
136923,Stunningly lovely Chelsea ߒ,"Oceanside, Carlsbad, Vista, North County ",https://sandiego.rubratings.com/136923?layout=list
136923,Marissa Tantric Massage - In call ,La Jolla Shores,https://sandiego.rubratings.com/136923?layout=list
136923,"Serious about your pain, Wild Blonde about the rest.  (late off 78)",Vista San Marcos Escondido Oceanside Carlsbad,https://sandiego.rubratings.com/136923?layout=list
136923,Korea sensual therapy ,Balboa Ave/San Diego,https://sandiego.rubratings.com/136923?layout=list
136923,♡ ♡  Vanessa ♡♡  New to San Diego !,Mission valley ,https://sandiego.rubratings.com/136923?layout=list
136923,Sweet BodyRub by YOUNG GIRL Hailey ,Mission Valley ,https://sandiego.rubratings.com/136923?layout=list
136923,Sexy Asian massage ,Miramar UTC,https://sandiego.rubratings.com/136923?layout=list
136923,Sofia Delight,"San Diego, CA ",https://sandiego.rubratings.com/136923?layout=list
136923,HUGE TATA's-Sexy Alexi Sensual Healing hands,Carlsbd Oside Vista,https://sandiego.rubratings.com/136923?layout=list
136923,Dior ! New in town ! ,Miramar,https://sandiego.rubratings.com/136923?layout=list
136923,Alexa in Mission Valley,Mission Valley,https://sandiego.rubratings.com/136923?layout=list
136923,The Ultimate Massage Experience,Del Mar SD ,https://sandiego.rubratings.com/136923?layout=list
136923,Kimberly in La Jolla ,La Jolla utc ,https://sandiego.rubratings.com/136923?layout=list
136923,ߒBliss Body Rub. My Place. ߒ  El Cajon Blvd./Fairmont ߒ,El Cajon Blvd./Fairmont,https://sandiego.rubratings.com/136923?layout=list
136923,Tantric Empowerment Therapy,Carlsbad,https://sandiego.rubratings.com/136923?layout=list
136923,Tasty Tuesday’s with Vivacious Velvet! ,Carlsbad/La Costa ,https://sandiego.rubratings.com/136923?layout=list
136923,Sensual and Therapeutic ,San Diego Outcall only,https://sandiego.rubratings.com/136923?layout=list
136923,✨Veronica at Heavenly Hands✨,NEW FILIPINA!,https://sandiego.rubratings.com/136923?layout=list
136923,All natural Sophia,"Own suite, Kearny Mesa ",https://sandiego.rubratings.com/136923?layout=list
136923,New feeling my firm$healing touch will relieve any muscular tension you might have Contact me for session of relaxation ,Serra Mesa,https://sandiego.rubratings.com/136923?layout=list
136923,Busty Ashley,"Oceanside, Vista, Carlsbad,",https://sandiego.rubratings.com/136923?layout=list
136923,✨Sabrina at Heavenly Hands✨,HUMPDAY SPECIAL!,https://sandiego.rubratings.com/136923?layout=list
136923,-New in Town~! ***Exotic Busty Latina*** 36DD Mangos Must See!!!,Clairemont Mesa,https://sandiego.rubratings.com/136923?layout=list
136923,Come and play .let me entice you with my sensual touch this kid just g ߘͰߘ,QOutcall and incall available,https://sandiego.rubratings.com/136923?layout=list
136923,Allure in Miramar ,Miramar Rd near UTC mall,https://sandiego.rubratings.com/136923?layout=list
136923,Busty Blonde Secretary Gone Wild,San Diego,https://sandiego.rubratings.com/136923?layout=list
136923,"Wonderfully relaxing & unique Full Body Massage, Spotless Shower, Credit Cards accepted, North County SanDiego, CA","Oceanside/CARLSBAD, CA.VILLAGE/I-5",https://sandiego.rubratings.com/136923?layout=list
136923,Spicy Exotic Latina CMT! Your new addiction ❤️!,"Outcall Only- Gaslamp, Del Mar, PB, North County, Airport, Mission Valley, La Mesa, Coronado, Mission Bay",https://sandiego.rubratings.com/136923?layout=list
136923,Slim spinner Eva here to give you a relaxing bodyrub,San Diego North Park,https://sandiego.rubratings.com/136923?layout=list
136923,Eveline's Magic Touch,"Chula Vista, CA / Fashion Valley",https://sandiego.rubratings.com/136923?layout=list
136923,Sexy koran sensual therapy,Balboa Ave/San Diego ,https://sandiego.rubratings.com/136923?layout=list
136923,Victoria Brazilian ,Point Loma,https://sandiego.rubratings.com/136923?layout=list
136923,New girl in town NINA ✨,Nina Mission Valley ,https://sandiego.rubratings.com/136923?layout=list
136923,Highly reviewed !! Eastern European touch by Mila!!,Miramar ,https://sandiego.rubratings.com/136923?layout=list
136923,Treat yourself to the TLC you deserve ,Park Blvd ,https://sandiego.rubratings.com/136923?layout=list
136923,Le Mesa/ lemon grove ,Lemon grove ,https://sandiego.rubratings.com/136923?layout=list